Gender,DengueRate
Female,0.5362595419847328
Male,0.5294117647058824
